,FEvals,Fitness,Iteration,Restarts,Time,current_restart,max_iters
0,0.0,93.0,0,0,0.0012006229999999007,0,1024
1,1.0,93.0,1,0,0.017362503999999834,0,1024
2,3.0,95.0,2,0,0.02283801899999993,0,1024
3,4.0,95.0,3,0,0.02772197899999984,0,1024
4,5.0,95.0,4,0,0.028262130999999968,0,1024
5,7.0,97.0,5,0,0.03411305699999989,0,1024
6,9.0,99.0,6,0,0.03522377999999993,0,1024
7,10.0,99.0,7,0,0.035777923999999794,0,1024
8,11.0,99.0,8,0,0.036373195999999997,0,1024
9,13.0,101.0,9,0,0.04205604999999979,0,1024
10,14.0,101.0,10,0,0.04258813199999989,0,1024
11,15.0,101.0,11,0,0.043112827999999936,0,1024
12,16.0,101.0,12,0,0.04363339899999996,0,1024
13,17.0,101.0,13,0,0.04415441099999984,0,1024
14,18.0,101.0,14,0,0.044685403999999984,0,1024
15,19.0,101.0,15,0,0.04518986299999983,0,1024
16,20.0,101.0,16,0,0.04569402,0,1024
17,21.0,101.0,17,0,0.05053653699999994,0,1024
18,22.0,101.0,18,0,0.05106327999999993,0,1024
19,23.0,101.0,19,0,0.05157369299999992,0,1024
20,24.0,101.0,20,0,0.052091155999999916,0,1024
21,25.0,101.0,21,0,0.052604071999999835,0,1024
22,27.0,103.0,22,0,0.05358981099999993,0,1024
23,28.0,103.0,23,0,0.05409299599999984,0,1024
24,29.0,103.0,24,0,0.054576256999999906,0,1024
25,30.0,103.0,25,0,0.055101565999999824,0,1024
26,31.0,103.0,26,0,0.05560008999999999,0,1024
27,33.0,105.0,27,0,0.05656798299999988,0,1024
28,34.0,105.0,28,0,0.05709689299999998,0,1024
29,35.0,105.0,29,0,0.05758519999999989,0,1024
30,36.0,105.0,30,0,0.05807780099999982,0,1024
31,37.0,105.0,31,0,0.05859225999999995,0,1024
32,38.0,105.0,32,0,0.05918048699999989,0,1024
33,39.0,105.0,33,0,0.06390010199999985,0,1024
34,40.0,105.0,34,0,0.06439646399999988,0,1024
35,42.0,107.0,35,0,0.065308068,0,1024
36,44.0,109.0,36,0,0.06633480199999986,0,1024
37,46.0,111.0,37,0,0.06728524999999985,0,1024
38,47.0,111.0,38,0,0.06777255399999982,0,1024
39,48.0,111.0,39,0,0.06824992899999982,0,1024
40,49.0,111.0,40,0,0.06875011399999997,0,1024
41,50.0,111.0,41,0,0.06931326299999996,0,1024
42,51.0,111.0,42,0,0.06983189499999987,0,1024
43,52.0,111.0,43,0,0.0703314359999998,0,1024
44,53.0,111.0,44,0,0.07083271899999999,0,1024
45,55.0,113.0,45,0,0.07177339199999988,0,1024
46,56.0,113.0,46,0,0.07236220799999993,0,1024
47,57.0,113.0,47,0,0.07287893599999995,0,1024
48,59.0,114.0,48,0,0.0738622029999998,0,1024
49,60.0,114.0,49,0,0.07458004099999993,0,1024
50,61.0,114.0,50,0,0.07530405599999979,0,1024
51,63.0,116.0,51,0,0.07668176499999979,0,1024
52,64.0,116.0,52,0,0.0771915019999998,0,1024
53,65.0,116.0,53,0,0.07769448699999981,0,1024
54,66.0,116.0,54,0,0.07817694299999989,0,1024
55,67.0,116.0,55,0,0.07865294299999981,0,1024
56,68.0,116.0,56,0,0.07913992199999997,0,1024
57,69.0,116.0,57,0,0.0796173979999999,0,1024
58,70.0,116.0,58,0,0.08012871299999991,0,1024
59,71.0,116.0,59,0,0.08062483799999987,0,1024
60,72.0,116.0,60,0,0.08112705199999981,0,1024
61,73.0,116.0,61,0,0.08161901399999993,0,1024
62,74.0,116.0,62,0,0.0821198959999998,0,1024
63,76.0,118.0,63,0,0.08304893199999985,0,1024
64,78.0,120.0,64,0,0.08395881799999994,0,1024
65,79.0,120.0,65,0,0.0890439489999999,0,1024
66,80.0,120.0,66,0,0.0895353849999998,0,1024
67,82.0,122.0,67,0,0.09046321799999979,0,1024
68,83.0,122.0,68,0,0.09094574899999985,0,1024
69,84.0,122.0,69,0,0.09142716499999981,0,1024
70,85.0,122.0,70,0,0.09191636599999997,0,1024
71,86.0,122.0,71,0,0.0923843569999998,0,1024
72,87.0,122.0,72,0,0.09285994599999992,0,1024
73,88.0,122.0,73,0,0.09331750299999997,0,1024
74,90.0,124.0,74,0,0.09428536999999992,0,1024
75,92.0,126.0,75,0,0.0951602789999999,0,1024
76,93.0,126.0,76,0,0.09561431499999995,0,1024
77,94.0,126.0,77,0,0.09606384099999987,0,1024
78,95.0,126.0,78,0,0.09668372199999986,0,1024
79,96.0,126.0,79,0,0.09715701999999982,0,1024
80,98.0,128.0,80,0,0.09803203599999999,0,1024
81,100.0,130.0,81,0,0.09891789899999992,0,1024
82,101.0,130.0,82,0,0.09939028799999994,0,1024
83,103.0,132.0,83,0,0.10025475499999992,0,1024
84,104.0,132.0,84,0,0.10070619199999986,0,1024
85,105.0,132.0,85,0,0.1011550069999998,0,1024
86,106.0,132.0,86,0,0.10160425699999998,0,1024
87,107.0,132.0,87,0,0.10205508099999983,0,1024
88,108.0,132.0,88,0,0.10250596299999981,0,1024
89,110.0,134.0,89,0,0.10336435799999988,0,1024
90,111.0,134.0,90,0,0.10381780999999979,0,1024
91,112.0,134.0,91,0,0.10426855999999995,0,1024
92,113.0,134.0,92,0,0.10472001899999994,0,1024
93,114.0,134.0,93,0,0.10521731099999987,0,1024
94,115.0,134.0,94,0,0.1056717829999998,0,1024
95,116.0,134.0,95,0,0.1061246629999999,0,1024
96,117.0,134.0,96,0,0.10669779399999979,0,1024
97,118.0,134.0,97,0,0.10715137699999988,0,1024
98,119.0,134.0,98,0,0.10760599799999992,0,1024
99,120.0,134.0,99,0,0.10805924499999997,0,1024
100,121.0,134.0,100,0,0.10851323199999996,0,1024
101,123.0,136.0,101,0,0.10938391699999994,0,1024
102,124.0,136.0,102,0,0.10983884099999996,0,1024
103,125.0,136.0,103,0,0.11029329299999979,0,1024
104,126.0,136.0,104,0,0.11074633899999986,0,1024
105,127.0,136.0,105,0,0.111201997,0,1024
106,128.0,136.0,106,0,0.11170295399999985,0,1024
107,130.0,138.0,107,0,0.112562952,0,1024
108,131.0,138.0,108,0,0.11302097,0,1024
109,132.0,138.0,109,0,0.11347605099999991,0,1024
110,133.0,138.0,110,0,0.11393912199999989,0,1024
111,135.0,140.0,111,0,0.11480781699999998,0,1024
112,136.0,140.0,112,0,0.11526372599999979,0,1024
113,137.0,140.0,113,0,0.11572068999999985,0,1024
114,138.0,140.0,114,0,0.11617859899999994,0,1024
115,139.0,140.0,115,0,0.11663734799999981,0,1024
116,140.0,140.0,116,0,0.11709903099999996,0,1024
117,141.0,140.0,117,0,0.11755660699999981,0,1024
118,142.0,140.0,118,0,0.1180135739999999,0,1024
119,143.0,140.0,119,0,0.11847142499999985,0,1024
120,144.0,140.0,120,0,0.11893175499999997,0,1024
121,145.0,140.0,121,0,0.11943623099999989,0,1024
122,146.0,140.0,122,0,0.11989370799999999,0,1024
123,148.0,142.0,123,0,0.12076496099999989,0,1024
124,149.0,142.0,124,0,0.1212282899999999,0,1024
125,150.0,142.0,125,0,0.12168916499999982,0,1024
126,151.0,142.0,126,0,0.12215031399999998,0,1024
127,152.0,142.0,127,0,0.12261327499999997,0,1024
128,153.0,142.0,128,0,0.12311889399999987,0,1024
129,154.0,142.0,129,0,0.12881030399999993,0,1024
130,155.0,142.0,130,0,0.12928506699999986,0,1024
131,156.0,142.0,131,0,0.1297542009999999,0,1024
132,157.0,142.0,132,0,0.13022425999999987,0,1024
133,158.0,142.0,133,0,0.13069162399999978,0,1024
134,159.0,142.0,134,0,0.1311561619999999,0,1024
135,160.0,142.0,135,0,0.13162041199999996,0,1024
136,161.0,142.0,136,0,0.1320871939999999,0,1024
137,162.0,142.0,137,0,0.13264668599999996,0,1024
138,163.0,142.0,138,0,0.13311496599999995,0,1024
139,164.0,142.0,139,0,0.13358001399999986,0,1024
140,165.0,142.0,140,0,0.13405260099999983,0,1024
141,166.0,142.0,141,0,0.13462610399999986,0,1024
142,167.0,142.0,142,0,0.13515084799999988,0,1024
143,168.0,142.0,143,0,0.1357505739999998,0,1024
144,169.0,142.0,144,0,0.13639236899999996,0,1024
145,170.0,142.0,145,0,0.13695882699999995,0,1024
146,171.0,142.0,146,0,0.13742990099999997,0,1024
147,172.0,142.0,147,0,0.13793605499999995,0,1024
148,173.0,142.0,148,0,0.1384053999999999,0,1024
149,174.0,142.0,149,0,0.1388733339999999,0,1024
150,175.0,142.0,150,0,0.13937852699999986,0,1024
151,176.0,142.0,151,0,0.13984801199999985,0,1024
152,177.0,142.0,152,0,0.14031721299999989,0,1024
153,178.0,142.0,153,0,0.14082627999999997,0,1024
154,179.0,142.0,154,0,0.14129554,0,1024
155,180.0,142.0,155,0,0.14176495,0,1024
156,181.0,142.0,156,0,0.14228131099999985,0,1024
157,182.0,142.0,157,0,0.1427567219999999,0,1024
158,183.0,142.0,158,0,0.14323170699999999,0,1024
159,184.0,142.0,159,0,0.143710652,0,1024
160,185.0,142.0,160,0,0.14418607799999994,0,1024
161,186.0,142.0,161,0,0.14465634699999996,0,1024
162,187.0,142.0,162,0,0.1451668789999998,0,1024
163,188.0,142.0,163,0,0.14563787899999991,0,1024
164,189.0,142.0,164,0,0.14610775099999995,0,1024
165,190.0,142.0,165,0,0.14657756099999997,0,1024
166,191.0,142.0,166,0,0.1470497099999999,0,1024
167,192.0,142.0,167,0,0.14752125599999988,0,1024
168,193.0,142.0,168,0,0.14799474499999987,0,1024
169,194.0,142.0,169,0,0.14846763799999985,0,1024
170,195.0,142.0,170,0,0.14894080599999993,0,1024
171,196.0,142.0,171,0,0.14941443599999982,0,1024
172,197.0,142.0,172,0,0.1498870149999998,0,1024
173,198.0,142.0,173,0,0.15035999299999991,0,1024
174,199.0,142.0,174,0,0.15092430299999982,0,1024
175,200.0,142.0,175,0,0.15145989799999993,0,1024
176,201.0,142.0,176,0,0.15193682099999983,0,1024
177,202.0,142.0,177,0,0.1524145349999999,0,1024
178,203.0,142.0,178,0,0.152887746,0,1024
179,204.0,142.0,179,0,0.15336186399999985,0,1024
180,205.0,142.0,180,0,0.15383947899999995,0,1024
181,206.0,142.0,181,0,0.15431510599999987,0,1024
182,207.0,142.0,182,0,0.15479035499999982,0,1024
183,208.0,142.0,183,0,0.155267198,0,1024
184,209.0,142.0,184,0,0.15574879899999994,0,1024
185,210.0,142.0,185,0,0.15623186299999992,0,1024
186,211.0,142.0,186,0,0.15671049299999984,0,1024
187,212.0,142.0,187,0,0.1572334929999999,0,1024
188,213.0,142.0,188,0,0.15771311799999999,0,1024
189,214.0,142.0,189,0,0.15823071099999986,0,1024
190,215.0,142.0,190,0,0.15870910699999996,0,1024
191,216.0,142.0,191,0,0.15918546599999983,0,1024
192,217.0,142.0,192,0,0.15966323299999985,0,1024
193,218.0,142.0,193,0,0.16014243099999992,0,1024
194,219.0,142.0,194,0,0.16062031599999993,0,1024
195,220.0,142.0,195,0,0.16110156099999995,0,1024
196,221.0,142.0,196,0,0.16158062199999979,0,1024
197,222.0,142.0,197,0,0.16206015399999996,0,1024
198,224.0,144.0,198,0,0.1630473189999999,0,1024
199,225.0,144.0,199,0,0.16353009099999993,0,1024
200,226.0,144.0,200,0,0.164017117,0,1024
201,227.0,144.0,201,0,0.16449879399999978,0,1024
202,228.0,144.0,202,0,0.16498041399999996,0,1024
203,229.0,144.0,203,0,0.16546150699999984,0,1024
204,230.0,144.0,204,0,0.16594553999999984,0,1024
205,231.0,144.0,205,0,0.16661621999999987,0,1024
206,232.0,144.0,206,0,0.16716225399999995,0,1024
207,233.0,144.0,207,0,0.16768722299999994,0,1024
208,234.0,144.0,208,0,0.16830970199999995,0,1024
209,235.0,144.0,209,0,0.16899854699999994,0,1024
210,236.0,144.0,210,0,0.16962959499999997,0,1024
211,237.0,144.0,211,0,0.17023077799999986,0,1024
212,239.0,146.0,212,0,0.17157366499999993,0,1024
213,240.0,146.0,213,0,0.172707591,0,1024
214,242.0,148.0,214,0,0.17482123599999988,0,1024
215,243.0,148.0,215,0,0.1758306719999998,0,1024
216,244.0,148.0,216,0,0.17681177999999997,0,1024
217,245.0,148.0,217,0,0.17775637899999985,0,1024
218,246.0,148.0,218,0,0.17871392499999983,0,1024
219,247.0,148.0,219,0,0.17925707999999996,0,1024
220,248.0,148.0,220,0,0.17985909099999997,0,1024
221,249.0,148.0,221,0,0.18041575999999981,0,1024
222,250.0,148.0,222,0,0.18090493000000007,0,1024
223,251.0,148.0,223,0,0.18139233799999976,0,1024
224,253.0,150.0,224,0,0.18229649699999984,0,1024
225,255.0,152.0,225,0,0.18369354199999988,0,1024
226,256.0,152.0,226,0,0.18431136199999987,0,1024
227,257.0,152.0,227,0,0.18481148199999975,0,1024
228,258.0,152.0,228,0,0.1853070739999998,0,1024
229,259.0,152.0,229,0,0.18579792699999986,0,1024
230,260.0,152.0,230,0,0.1862852319999999,0,1024
231,261.0,152.0,231,0,0.18677620900000003,0,1024
232,262.0,152.0,232,0,0.1872682189999999,0,1024
233,263.0,152.0,233,0,0.187758192,0,1024
234,264.0,152.0,234,0,0.1882465609999997,0,1024
235,265.0,152.0,235,0,0.18873833599999967,0,1024
236,266.0,152.0,236,0,0.1892274490000001,0,1024
237,267.0,152.0,237,0,0.18971843500000007,0,1024
238,268.0,152.0,238,0,0.1902082629999997,0,1024
239,269.0,152.0,239,0,0.19069846899999998,0,1024
240,270.0,152.0,240,0,0.19131843999999987,0,1024
241,271.0,152.0,241,0,0.1918278739999999,0,1024
242,272.0,152.0,242,0,0.19232304900000008,0,1024
243,273.0,152.0,243,0,0.19282168900000007,0,1024
244,274.0,152.0,244,0,0.1933138849999998,0,1024
245,275.0,152.0,245,0,0.19380764900000003,0,1024
246,276.0,152.0,246,0,0.19429747600000002,0,1024
247,277.0,152.0,247,0,0.19478675799999978,0,1024
248,278.0,152.0,248,0,0.19527415899999978,0,1024
249,280.0,154.0,249,0,0.19622376799999985,0,1024
250,281.0,154.0,250,0,0.19678088399999982,0,1024
251,282.0,154.0,251,0,0.1973998589999999,0,1024
252,283.0,154.0,252,0,0.1979155119999998,0,1024
253,284.0,154.0,253,0,0.198418969,0,1024
254,285.0,154.0,254,0,0.19892146099999986,0,1024
255,286.0,154.0,255,0,0.19941741199999985,0,1024
256,287.0,154.0,256,0,0.19991477700000004,0,1024
257,288.0,154.0,257,0,0.207519456,0,1024
258,289.0,154.0,258,0,0.20805341900000007,0,1024
259,290.0,154.0,259,0,0.20857258699999992,0,1024
260,291.0,154.0,260,0,0.20907854599999975,0,1024
261,292.0,154.0,261,0,0.20958184300000005,0,1024
262,293.0,154.0,262,0,0.2100828149999998,0,1024
263,294.0,154.0,263,0,0.21058307900000006,0,1024
264,295.0,154.0,264,0,0.21108366200000006,0,1024
265,296.0,154.0,265,0,0.2115852519999999,0,1024
266,297.0,154.0,266,0,0.21208581399999993,0,1024
267,298.0,154.0,267,0,0.2125856749999997,0,1024
268,299.0,154.0,268,0,0.21308404699999972,0,1024
269,300.0,154.0,269,0,0.21358561699999967,0,1024
270,301.0,154.0,270,0,0.21408923999999985,0,1024
271,302.0,154.0,271,0,0.2145922090000001,0,1024
272,303.0,154.0,272,0,0.21524820499999997,0,1024
273,304.0,154.0,273,0,0.21611549799999974,0,1024
274,305.0,154.0,274,0,0.2167110430000001,0,1024
275,306.0,154.0,275,0,0.2172706139999998,0,1024
276,307.0,154.0,276,0,0.21799137000000002,0,1024
277,308.0,154.0,277,0,0.21871563400000005,0,1024
278,309.0,154.0,278,0,0.21939983499999993,0,1024
279,310.0,154.0,279,0,0.2201052579999998,0,1024
280,311.0,154.0,280,0,0.22076906399999974,0,1024
281,312.0,154.0,281,0,0.22154088799999982,0,1024
282,313.0,154.0,282,0,0.2222389279999999,0,1024
283,314.0,154.0,283,0,0.22283288499999987,0,1024
284,315.0,154.0,284,0,0.22339837499999993,0,1024
285,316.0,154.0,285,0,0.22398801499999976,0,1024
286,317.0,154.0,286,0,0.22457471799999995,0,1024
287,318.0,154.0,287,0,0.2251884999999998,0,1024
288,319.0,154.0,288,0,0.22580617599999986,0,1024
289,320.0,154.0,289,0,0.22645618899999986,0,1024
290,321.0,154.0,290,0,0.22719584800000003,0,1024
291,322.0,154.0,291,0,0.22797687799999977,0,1024
292,323.0,154.0,292,0,0.2287286329999998,0,1024
293,324.0,154.0,293,0,0.22956849899999998,0,1024
294,325.0,154.0,294,0,0.23035092199999996,0,1024
295,326.0,154.0,295,0,0.23122222300000006,0,1024
296,327.0,154.0,296,0,0.23189429000000006,0,1024
297,328.0,154.0,297,0,0.232537169,0,1024
298,329.0,154.0,298,0,0.23324238699999977,0,1024
299,330.0,154.0,299,0,0.23422233099999978,0,1024
300,331.0,154.0,300,0,0.23553026600000004,0,1024
301,332.0,154.0,301,0,0.23648475099999988,0,1024
302,333.0,154.0,302,0,0.23734965799999985,0,1024
303,334.0,154.0,303,0,0.23813787099999972,0,1024
304,335.0,154.0,304,0,0.238882088,0,1024
305,336.0,154.0,305,0,0.23961659099999988,0,1024
306,337.0,154.0,306,0,0.24034430399999973,0,1024
307,338.0,154.0,307,0,0.24106099300000006,0,1024
308,339.0,154.0,308,0,0.24188712999999984,0,1024
309,340.0,154.0,309,0,0.24272454099999985,0,1024
310,341.0,154.0,310,0,0.24356246299999995,0,1024
311,342.0,154.0,311,0,0.24441561499999986,0,1024
312,343.0,154.0,312,0,0.24539668499999978,0,1024
313,344.0,154.0,313,0,0.24621150300000005,0,1024
314,345.0,154.0,314,0,0.2469256820000001,0,1024
315,346.0,154.0,315,0,0.24763918299999998,0,1024
316,347.0,154.0,316,0,0.24833438999999968,0,1024
317,348.0,154.0,317,0,0.24902201999999996,0,1024
318,349.0,154.0,318,0,0.2497039729999999,0,1024
319,350.0,154.0,319,0,0.2504231309999998,0,1024
320,351.0,154.0,320,0,0.2511119799999997,0,1024
321,352.0,154.0,321,0,0.25180440699999984,0,1024
322,353.0,154.0,322,0,0.25248949099999995,0,1024
323,354.0,154.0,323,0,0.253286755,0,1024
324,355.0,154.0,324,0,0.25398470699999987,0,1024
325,356.0,154.0,325,0,0.25467642199999974,0,1024
326,357.0,154.0,326,0,0.25537237200000007,0,1024
327,358.0,154.0,327,0,0.2561669689999997,0,1024
328,359.0,154.0,328,0,0.2569536349999999,0,1024
329,360.0,154.0,329,0,0.25768236600000005,0,1024
330,361.0,154.0,330,0,0.2583953809999997,0,1024
331,362.0,154.0,331,0,0.25909122799999995,0,1024
332,363.0,154.0,332,0,0.25978036599999976,0,1024
333,364.0,154.0,333,0,0.2604707529999999,0,1024
334,365.0,154.0,334,0,0.2611606179999999,0,1024
335,366.0,154.0,335,0,0.2619073639999998,0,1024
336,367.0,154.0,336,0,0.2626070170000001,0,1024
337,368.0,154.0,337,0,0.26330918699999994,0,1024
338,369.0,154.0,338,0,0.2640033850000001,0,1024
339,370.0,154.0,339,0,0.2646997019999997,0,1024
340,371.0,154.0,340,0,0.26540659499999997,0,1024
341,372.0,154.0,341,0,0.2661081249999997,0,1024
342,373.0,154.0,342,0,0.2668306629999999,0,1024
343,374.0,154.0,343,0,0.267588119,0,1024
344,375.0,154.0,344,0,0.2683051139999999,0,1024
345,376.0,154.0,345,0,0.26902691999999995,0,1024
346,377.0,154.0,346,0,0.26974522799999967,0,1024
347,378.0,154.0,347,0,0.27042926099999987,0,1024
348,379.0,154.0,348,0,0.2711077660000001,0,1024
349,380.0,154.0,349,0,0.271799224,0,1024
350,381.0,154.0,350,0,0.27248471799999985,0,1024
351,382.0,154.0,351,0,0.2732026169999999,0,1024
352,383.0,154.0,352,0,0.27388619599999986,0,1024
353,384.0,154.0,353,0,0.2745836239999999,0,1024
354,385.0,154.0,354,0,0.2752906949999998,0,1024
355,386.0,154.0,355,0,0.2759839089999998,0,1024
356,387.0,154.0,356,0,0.27668767699999997,0,1024
357,388.0,154.0,357,0,0.2773772389999998,0,1024
358,389.0,154.0,358,0,0.2780592529999999,0,1024
359,390.0,154.0,359,0,0.27878247999999983,0,1024
360,391.0,154.0,360,0,0.2794663589999997,0,1024
361,392.0,154.0,361,0,0.280175587,0,1024
362,393.0,154.0,362,0,0.2808899869999997,0,1024
363,394.0,154.0,363,0,0.28158598,0,1024
364,395.0,154.0,364,0,0.28226346599999985,0,1024
365,396.0,154.0,365,0,0.282941922,0,1024
366,397.0,154.0,366,0,0.2836197220000001,0,1024
367,398.0,154.0,367,0,0.28429863099999997,0,1024
368,399.0,154.0,368,0,0.285020909,0,1024
369,401.0,156.0,369,0,0.2862267089999997,0,1024
370,402.0,156.0,370,0,0.2868909789999998,0,1024
371,403.0,156.0,371,0,0.28754722899999985,0,1024
372,404.0,156.0,372,0,0.2882094519999998,0,1024
373,405.0,156.0,373,0,0.2888693619999998,0,1024
374,406.0,156.0,374,0,0.2895424219999998,0,1024
375,407.0,156.0,375,0,0.29020139999999994,0,1024
376,408.0,156.0,376,0,0.2909829049999999,0,1024
377,409.0,156.0,377,0,0.2916740980000001,0,1024
378,410.0,156.0,378,0,0.2923199109999999,0,1024
379,411.0,156.0,379,0,0.29296134799999995,0,1024
380,412.0,156.0,380,0,0.293608753,0,1024
381,413.0,156.0,381,0,0.2942846160000001,0,1024
382,414.0,156.0,382,0,0.294960385,0,1024
383,416.0,158.0,383,0,0.296112076,0,1024
384,417.0,158.0,384,0,0.29677371899999994,0,1024
385,418.0,158.0,385,0,0.29742119899999997,0,1024
386,419.0,158.0,386,0,0.2980795119999997,0,1024
387,420.0,158.0,387,0,0.298735196,0,1024
388,421.0,158.0,388,0,0.2993674729999998,0,1024
389,422.0,158.0,389,0,0.29999264599999975,0,1024
390,423.0,158.0,390,0,0.30064981700000004,0,1024
391,424.0,158.0,391,0,0.301289723,0,1024
392,425.0,158.0,392,0,0.30192545199999987,0,1024
393,426.0,158.0,393,0,0.302552248,0,1024
394,427.0,158.0,394,0,0.30320357,0,1024
395,428.0,158.0,395,0,0.303816844,0,1024
396,429.0,158.0,396,0,0.3044487979999997,0,1024
397,430.0,158.0,397,0,0.3050621279999999,0,1024
398,431.0,158.0,398,0,0.305672371,0,1024
399,432.0,158.0,399,0,0.306281743,0,1024
400,433.0,158.0,400,0,0.3068924019999999,0,1024
401,434.0,158.0,401,0,0.3075087599999997,0,1024
402,435.0,158.0,402,0,0.30811748399999983,0,1024
403,436.0,158.0,403,0,0.3087258349999997,0,1024
404,437.0,158.0,404,0,0.3093640129999997,0,1024
405,438.0,158.0,405,0,0.30997799599999976,0,1024
406,439.0,158.0,406,0,0.3106080309999997,0,1024
407,440.0,158.0,407,0,0.311222039,0,1024
408,441.0,158.0,408,0,0.3118195619999997,0,1024
409,442.0,158.0,409,0,0.3124150160000001,0,1024
410,443.0,158.0,410,0,0.31300991599999994,0,1024
411,444.0,158.0,411,0,0.3136045919999999,0,1024
412,445.0,158.0,412,0,0.31423124300000005,0,1024
413,446.0,158.0,413,0,0.3148524079999997,0,1024
414,447.0,158.0,414,0,0.3154865179999997,0,1024
415,448.0,158.0,415,0,0.3161113040000001,0,1024
416,449.0,158.0,416,0,0.3167238819999998,0,1024
417,450.0,158.0,417,0,0.3173385500000001,0,1024
418,451.0,158.0,418,0,0.3179536999999999,0,1024
419,452.0,158.0,419,0,0.318571956,0,1024
420,453.0,158.0,420,0,0.31921699299999995,0,1024
421,454.0,158.0,421,0,0.3198711959999998,0,1024
422,455.0,158.0,422,0,0.3205267159999998,0,1024
423,456.0,158.0,423,0,0.32127072499999976,0,1024
424,457.0,158.0,424,0,0.32193483899999986,0,1024
425,458.0,158.0,425,0,0.3225864439999997,0,1024
426,459.0,158.0,426,0,0.3232424439999999,0,1024
427,460.0,158.0,427,0,0.3238986989999999,0,1024
428,461.0,158.0,428,0,0.3245593739999997,0,1024
429,462.0,158.0,429,0,0.32521662799999973,0,1024
430,463.0,158.0,430,0,0.32587556699999976,0,1024
431,464.0,158.0,431,0,0.3265517499999997,0,1024
432,465.0,158.0,432,0,0.32721076300000007,0,1024
433,466.0,158.0,433,0,0.32786241999999977,0,1024
434,467.0,158.0,434,0,0.3285160789999999,0,1024
435,468.0,158.0,435,0,0.32917041299999994,0,1024
436,469.0,158.0,436,0,0.3298247459999999,0,1024
437,470.0,158.0,437,0,0.330492048,0,1024
438,471.0,158.0,438,0,0.3311662420000001,0,1024
439,472.0,158.0,439,0,0.3318060439999999,0,1024
440,473.0,158.0,440,0,0.3324417959999999,0,1024
441,474.0,158.0,441,0,0.333129161,0,1024
442,475.0,158.0,442,0,0.33378911899999997,0,1024
443,476.0,158.0,443,0,0.3344471229999999,0,1024
444,477.0,158.0,444,0,0.3351320059999998,0,1024
445,478.0,158.0,445,0,0.3358194059999997,0,1024
446,479.0,158.0,446,0,0.3365113649999998,0,1024
447,480.0,158.0,447,0,0.33719090100000004,0,1024
448,481.0,158.0,448,0,0.3378726679999997,0,1024
449,482.0,158.0,449,0,0.33888823499999976,0,1024
450,483.0,158.0,450,0,0.340278777,0,1024
451,484.0,158.0,451,0,0.3416128439999997,0,1024
452,485.0,158.0,452,0,0.3428830060000001,0,1024
453,486.0,158.0,453,0,0.344153296,0,1024
454,487.0,158.0,454,0,0.3453679319999998,0,1024
455,488.0,158.0,455,0,0.3463394850000001,0,1024
456,489.0,158.0,456,0,0.34735851800000006,0,1024
457,490.0,158.0,457,0,0.3482730369999998,0,1024
458,491.0,158.0,458,0,0.3491901770000001,0,1024
459,492.0,158.0,459,0,0.35010041199999975,0,1024
460,493.0,158.0,460,0,0.35114679699999973,0,1024
461,495.0,160.0,461,0,0.35270409999999996,0,1024
462,496.0,160.0,462,0,0.353568176,0,1024
463,497.0,160.0,463,0,0.35445150199999986,0,1024
464,498.0,160.0,464,0,0.355312783,0,1024
465,499.0,160.0,465,0,0.35616395199999973,0,1024
466,500.0,160.0,466,0,0.3569946429999997,0,1024
467,501.0,160.0,467,0,0.35783418499999975,0,1024
468,502.0,160.0,468,0,0.3586807479999998,0,1024
469,503.0,160.0,469,0,0.35953255399999984,0,1024
470,504.0,160.0,470,0,0.36039610799999977,0,1024
471,505.0,160.0,471,0,0.3612551749999997,0,1024
472,506.0,160.0,472,0,0.3620863430000001,0,1024
473,507.0,160.0,473,0,0.36289286799999987,0,1024
474,508.0,160.0,474,0,0.3636728439999999,0,1024
475,509.0,160.0,475,0,0.36445345299999987,0,1024
476,510.0,160.0,476,0,0.36523815299999995,0,1024
477,511.0,160.0,477,0,0.3660162109999998,0,1024
478,512.0,160.0,478,0,0.3669461460000001,0,1024
479,513.0,160.0,479,0,0.367798552,0,1024
480,514.0,160.0,480,0,0.36858079099999985,0,1024
481,515.0,160.0,481,0,0.3693854929999998,0,1024
482,516.0,160.0,482,0,0.3701712319999997,0,1024
483,517.0,160.0,483,0,0.3709981789999999,0,1024
484,518.0,160.0,484,0,0.371851731,0,1024
485,519.0,160.0,485,0,0.3726482729999998,0,1024
486,520.0,160.0,486,0,0.3734374749999998,0,1024
487,521.0,160.0,487,0,0.3742239559999998,0,1024
488,522.0,160.0,488,0,0.3750045369999997,0,1024
489,523.0,160.0,489,0,0.37578434399999994,0,1024
490,524.0,160.0,490,0,0.37656655799999994,0,1024
491,525.0,160.0,491,0,0.37734702900000006,0,1024
492,526.0,160.0,492,0,0.37812765299999995,0,1024
493,527.0,160.0,493,0,0.378912181,0,1024
494,528.0,160.0,494,0,0.3796968220000001,0,1024
495,529.0,160.0,495,0,0.3805006409999998,0,1024
496,530.0,160.0,496,0,0.3813148129999999,0,1024
497,531.0,160.0,497,0,0.3821191749999997,0,1024
498,532.0,160.0,498,0,0.3829134860000001,0,1024
499,533.0,160.0,499,0,0.3837072429999999,0,1024
500,534.0,160.0,500,0,0.3844946349999998,0,1024
501,535.0,160.0,501,0,0.3852854589999999,0,1024
502,536.0,160.0,502,0,0.3860735499999999,0,1024
503,537.0,160.0,503,0,0.38686091599999983,0,1024
504,538.0,160.0,504,0,0.3876641890000001,0,1024
505,539.0,160.0,505,0,0.38845433699999976,0,1024
506,540.0,160.0,506,0,0.38924833999999997,0,1024
507,541.0,160.0,507,0,0.3900380389999998,0,1024
508,542.0,160.0,508,0,0.3908374459999999,0,1024
509,543.0,160.0,509,0,0.3916294859999998,0,1024
510,544.0,160.0,510,0,0.39242916800000005,0,1024
511,545.0,160.0,511,0,0.392999847,0,1024
512,546.0,160.0,512,0,0.3937966939999997,0,1024
513,547.0,160.0,513,0,0.4041290809999998,0,1024
514,548.0,160.0,514,0,0.4047234689999999,0,1024
515,549.0,160.0,515,0,0.40529220200000005,0,1024
516,550.0,160.0,516,0,0.4058660279999997,0,1024
517,551.0,160.0,517,0,0.4064372829999998,0,1024
518,552.0,160.0,518,0,0.40701126499999996,0,1024
519,553.0,160.0,519,0,0.4075800039999997,0,1024
520,554.0,160.0,520,0,0.4081495879999997,0,1024
521,555.0,160.0,521,0,0.408842817,0,1024
522,556.0,160.0,522,0,0.40941534999999973,0,1024
523,557.0,160.0,523,0,0.40998464199999995,0,1024
524,558.0,160.0,524,0,0.410554404,0,1024
525,559.0,160.0,525,0,0.4111270279999997,0,1024
526,560.0,160.0,526,0,0.41169842199999973,0,1024
527,561.0,160.0,527,0,0.41227209099999973,0,1024
528,562.0,160.0,528,0,0.4128430599999997,0,1024
529,563.0,160.0,529,0,0.4134110289999997,0,1024
530,564.0,160.0,530,0,0.4140742829999997,0,1024
531,565.0,160.0,531,0,0.4146507009999998,0,1024
532,566.0,160.0,532,0,0.41522773499999976,0,1024
533,567.0,160.0,533,0,0.415796002,0,1024
534,568.0,160.0,534,0,0.4163665059999997,0,1024
535,569.0,160.0,535,0,0.4169391179999997,0,1024
536,570.0,160.0,536,0,0.4175162459999999,0,1024
537,571.0,160.0,537,0,0.4180910889999998,0,1024
538,572.0,160.0,538,0,0.4186674779999997,0,1024
539,573.0,160.0,539,0,0.41923805599999975,0,1024
540,574.0,160.0,540,0,0.41991921199999993,0,1024
541,575.0,160.0,541,0,0.4205931989999998,0,1024
542,576.0,160.0,542,0,0.42119455299999986,0,1024
543,577.0,160.0,543,0,0.421789709,0,1024
544,578.0,160.0,544,0,0.4223820429999998,0,1024
545,579.0,160.0,545,0,0.422993532,0,1024
546,580.0,160.0,546,0,0.42363021199999995,0,1024
547,581.0,160.0,547,0,0.424287144,0,1024
548,582.0,160.0,548,0,0.42495328499999996,0,1024
549,583.0,160.0,549,0,0.4256261979999998,0,1024
550,584.0,160.0,550,0,0.4263441809999997,0,1024
551,585.0,160.0,551,0,0.4270552620000001,0,1024
552,586.0,160.0,552,0,0.42773255600000004,0,1024
553,587.0,160.0,553,0,0.4284068849999998,0,1024
554,588.0,160.0,554,0,0.42908642799999974,0,1024
555,589.0,160.0,555,0,0.429751215,0,1024
556,590.0,160.0,556,0,0.43040880299999973,0,1024
557,591.0,160.0,557,0,0.43106287099999996,0,1024
558,592.0,160.0,558,0,0.4317367459999999,0,1024
559,593.0,160.0,559,0,0.43262135499999976,0,1024
560,594.0,160.0,560,0,0.4333501099999997,0,1024
561,595.0,160.0,561,0,0.43403656,0,1024
562,596.0,160.0,562,0,0.4347179350000001,0,1024
563,597.0,160.0,563,0,0.43542105499999995,0,1024
564,598.0,160.0,564,0,0.43610696399999993,0,1024
565,599.0,160.0,565,0,0.43680774999999983,0,1024
566,600.0,160.0,566,0,0.43750899899999984,0,1024
567,601.0,160.0,567,0,0.4382093819999997,0,1024
568,602.0,160.0,568,0,0.4389123690000001,0,1024
569,603.0,160.0,569,0,0.43960650999999995,0,1024
570,604.0,160.0,570,0,0.440340269,0,1024
571,605.0,160.0,571,0,0.44105903899999976,0,1024
572,606.0,160.0,572,0,0.4417807119999999,0,1024
573,608.0,162.0,573,0,0.443009671,0,1024
574,609.0,162.0,574,0,0.4437360400000001,0,1024
575,610.0,162.0,575,0,0.4444690099999997,0,1024
576,611.0,162.0,576,0,0.44520026999999995,0,1024
577,612.0,162.0,577,0,0.4459554899999998,0,1024
578,613.0,162.0,578,0,0.4467199329999998,0,1024
579,614.0,162.0,579,0,0.44748409899999997,0,1024
580,615.0,162.0,580,0,0.4482748700000001,0,1024
581,616.0,162.0,581,0,0.4490923109999998,0,1024
582,617.0,162.0,582,0,0.4498876649999999,0,1024
583,619.0,164.0,583,0,0.45124774599999995,0,1024
584,620.0,164.0,584,0,0.45206320499999997,0,1024
585,621.0,164.0,585,0,0.4528757219999999,0,1024
586,622.0,164.0,586,0,0.4536803840000001,0,1024
587,623.0,164.0,587,0,0.4544827589999998,0,1024
588,624.0,164.0,588,0,0.4553019410000001,0,1024
589,625.0,164.0,589,0,0.4561092529999997,0,1024
590,626.0,164.0,590,0,0.4569214079999999,0,1024
591,627.0,164.0,591,0,0.45772535199999975,0,1024
592,628.0,164.0,592,0,0.45853703,0,1024
593,629.0,164.0,593,0,0.45935236999999995,0,1024
594,630.0,164.0,594,0,0.46016411999999995,0,1024
595,631.0,164.0,595,0,0.46097654899999974,0,1024
596,632.0,164.0,596,0,0.4618176319999998,0,1024
597,633.0,164.0,597,0,0.46263982299999995,0,1024
598,634.0,164.0,598,0,0.4634598539999999,0,1024
599,635.0,164.0,599,0,0.4642717009999999,0,1024
600,636.0,164.0,600,0,0.465085261,0,1024
601,637.0,164.0,601,0,0.4659065389999997,0,1024
602,638.0,164.0,602,0,0.4667381989999999,0,1024
603,639.0,164.0,603,0,0.4675471609999997,0,1024
604,640.0,164.0,604,0,0.46835831299999997,0,1024
605,641.0,164.0,605,0,0.46919404799999986,0,1024
606,642.0,164.0,606,0,0.4700387290000001,0,1024
607,643.0,164.0,607,0,0.47085066600000003,0,1024
608,644.0,164.0,608,0,0.47165851299999995,0,1024
609,645.0,164.0,609,0,0.47245870599999984,0,1024
610,646.0,164.0,610,0,0.473262391,0,1024
611,647.0,164.0,611,0,0.47432807899999974,0,1024
612,648.0,164.0,612,0,0.4751906429999999,0,1024
613,649.0,164.0,613,0,0.47600815900000004,0,1024
614,650.0,164.0,614,0,0.4768243179999998,0,1024
615,651.0,164.0,615,0,0.47763381299999974,0,1024
616,652.0,164.0,616,0,0.4784406560000001,0,1024
617,653.0,164.0,617,0,0.47924897999999994,0,1024
618,654.0,164.0,618,0,0.48006082800000005,0,1024
619,655.0,164.0,619,0,0.4808737139999999,0,1024
620,656.0,164.0,620,0,0.48176597899999996,0,1024
621,657.0,164.0,621,0,0.4826024419999997,0,1024
622,658.0,164.0,622,0,0.48342231999999985,0,1024
623,659.0,164.0,623,0,0.4842434710000001,0,1024
624,660.0,164.0,624,0,0.4850547700000001,0,1024
625,661.0,164.0,625,0,0.48587082400000003,0,1024
626,662.0,164.0,626,0,0.4867170019999998,0,1024
627,663.0,164.0,627,0,0.4875095149999997,0,1024
628,664.0,164.0,628,0,0.4882957059999997,0,1024
629,665.0,164.0,629,0,0.4890786709999997,0,1024
630,666.0,164.0,630,0,0.4898738789999997,0,1024
631,667.0,164.0,631,0,0.49063598899999983,0,1024
632,668.0,164.0,632,0,0.49139707500000007,0,1024
633,669.0,164.0,633,0,0.492184344,0,1024
634,670.0,164.0,634,0,0.49295391099999986,0,1024
635,671.0,164.0,635,0,0.49392023500000004,0,1024
636,672.0,164.0,636,0,0.4947151569999999,0,1024
637,673.0,164.0,637,0,0.4955045899999999,0,1024
638,674.0,164.0,638,0,0.4962783580000001,0,1024
639,675.0,164.0,639,0,0.49702604699999986,0,1024
640,676.0,164.0,640,0,0.4977738979999997,0,1024
641,677.0,164.0,641,0,0.49852101699999984,0,1024
642,678.0,164.0,642,0,0.4992721419999997,0,1024
643,679.0,164.0,643,0,0.5000173050000001,0,1024
644,680.0,164.0,644,0,0.500774388,0,1024
645,681.0,164.0,645,0,0.5014958159999998,0,1024
646,682.0,164.0,646,0,0.5022158509999999,0,1024
647,683.0,164.0,647,0,0.5029337589999998,0,1024
648,684.0,164.0,648,0,0.5036648530000001,0,1024
649,685.0,164.0,649,0,0.5043887859999998,0,1024
650,686.0,164.0,650,0,0.5051064259999998,0,1024
651,687.0,164.0,651,0,0.505838089,0,1024
652,688.0,164.0,652,0,0.5065389549999999,0,1024
653,689.0,164.0,653,0,0.507274953,0,1024
654,690.0,164.0,654,0,0.5079743569999997,0,1024
655,691.0,164.0,655,0,0.5086584419999998,0,1024
656,692.0,164.0,656,0,0.5093474090000001,0,1024
657,693.0,164.0,657,0,0.5100378160000001,0,1024
658,694.0,164.0,658,0,0.5107193990000001,0,1024
659,695.0,164.0,659,0,0.5114049939999998,0,1024
660,696.0,164.0,660,0,0.5120914619999999,0,1024
661,697.0,164.0,661,0,0.5127574720000001,0,1024
662,698.0,164.0,662,0,0.5134747529999997,0,1024
663,699.0,164.0,663,0,0.5141873239999999,0,1024
664,700.0,164.0,664,0,0.5148651059999998,0,1024
665,701.0,164.0,665,0,0.51553651,0,1024
666,702.0,164.0,666,0,0.5162343059999999,0,1024
667,703.0,164.0,667,0,0.5169155399999998,0,1024
668,704.0,164.0,668,0,0.5175895609999999,0,1024
669,705.0,164.0,669,0,0.5182731719999998,0,1024
670,706.0,164.0,670,0,0.5189673199999998,0,1024
671,708.0,166.0,671,0,0.5200665600000001,0,1024
672,709.0,166.0,672,0,0.5207182329999998,0,1024
673,710.0,166.0,673,0,0.521343232,0,1024
674,711.0,166.0,674,0,0.5219720259999998,0,1024
675,712.0,166.0,675,0,0.52264614,0,1024
676,713.0,166.0,676,0,0.5232627559999998,0,1024
677,714.0,166.0,677,0,0.5239559969999998,0,1024
678,715.0,166.0,678,0,0.5245670499999999,0,1024
679,716.0,166.0,679,0,0.5251761209999999,0,1024
680,717.0,166.0,680,0,0.5257867549999999,0,1024
681,718.0,166.0,681,0,0.526392951,0,1024
682,719.0,166.0,682,0,0.5270013869999999,0,1024
683,720.0,166.0,683,0,0.5276074399999997,0,1024
684,721.0,166.0,684,0,0.5282784249999999,0,1024
685,722.0,166.0,685,0,0.5292684729999997,0,1024
686,723.0,166.0,686,0,0.5304446299999999,0,1024
687,724.0,166.0,687,0,0.5311388939999997,0,1024
688,725.0,166.0,688,0,0.5317600090000001,0,1024
689,726.0,166.0,689,0,0.5323759729999997,0,1024
690,727.0,166.0,690,0,0.5329902149999999,0,1024
691,728.0,166.0,691,0,0.5336041819999999,0,1024
692,729.0,166.0,692,0,0.534217607,0,1024
693,730.0,166.0,693,0,0.5348661349999997,0,1024
694,731.0,166.0,694,0,0.5354764089999997,0,1024
695,732.0,166.0,695,0,0.5361679420000001,0,1024
696,733.0,166.0,696,0,0.5367838899999997,0,1024
697,734.0,166.0,697,0,0.5374119779999997,0,1024
698,735.0,166.0,698,0,0.5380371509999997,0,1024
699,736.0,166.0,699,0,0.538663192,0,1024
700,737.0,166.0,700,0,0.539289203,0,1024
701,738.0,166.0,701,0,0.5399180429999997,0,1024
702,739.0,166.0,702,0,0.5405419779999998,0,1024
703,740.0,166.0,703,0,0.5412308079999999,0,1024
704,741.0,166.0,704,0,0.541877875,0,1024
705,742.0,166.0,705,0,0.5425139639999998,0,1024
706,743.0,166.0,706,0,0.5431473009999999,0,1024
707,744.0,166.0,707,0,0.5437787999999997,0,1024
708,745.0,166.0,708,0,0.5444102429999997,0,1024
709,746.0,166.0,709,0,0.545043035,0,1024
710,747.0,166.0,710,0,0.5456734089999999,0,1024
711,748.0,166.0,711,0,0.5463052469999998,0,1024
712,749.0,166.0,712,0,0.5469692149999998,0,1024
713,750.0,166.0,713,0,0.5476247009999997,0,1024
714,751.0,166.0,714,0,0.5482633309999998,0,1024
715,752.0,166.0,715,0,0.5488955139999998,0,1024
716,753.0,166.0,716,0,0.5495294789999998,0,1024
717,754.0,166.0,717,0,0.5501580229999998,0,1024
718,755.0,166.0,718,0,0.550793943,0,1024
719,756.0,166.0,719,0,0.5514283739999999,0,1024
720,757.0,166.0,720,0,0.5520621169999997,0,1024
721,758.0,166.0,721,0,0.5527703499999999,0,1024
722,759.0,166.0,722,0,0.5534365009999997,0,1024
723,760.0,166.0,723,0,0.5540830269999999,0,1024
724,761.0,166.0,724,0,0.554721443,0,1024
725,762.0,166.0,725,0,0.5553591280000001,0,1024
726,763.0,166.0,726,0,0.555997718,0,1024
727,764.0,166.0,727,0,0.556630899,0,1024
728,765.0,166.0,728,0,0.5572665099999998,0,1024
729,766.0,166.0,729,0,0.5578996350000001,0,1024
730,767.0,166.0,730,0,0.5585371079999999,0,1024
731,768.0,166.0,731,0,0.5591709039999997,0,1024
732,769.0,166.0,732,0,0.559807384,0,1024
733,770.0,166.0,733,0,0.560441408,0,1024
734,771.0,166.0,734,0,0.5610791639999997,0,1024
735,772.0,166.0,735,0,0.5617172689999999,0,1024
736,773.0,166.0,736,0,0.5623546679999998,0,1024
737,774.0,166.0,737,0,0.5629906330000001,0,1024
738,775.0,166.0,738,0,0.5636278180000001,0,1024
739,776.0,166.0,739,0,0.5643421630000001,0,1024
740,777.0,166.0,740,0,0.564999587,0,1024
741,778.0,166.0,741,0,0.5656521699999999,0,1024
742,779.0,166.0,742,0,0.566299184,0,1024
743,780.0,166.0,743,0,0.5669429459999997,0,1024
744,781.0,166.0,744,0,0.56758511,0,1024
745,782.0,166.0,745,0,0.5682520529999997,0,1024
746,783.0,166.0,746,0,0.5689467659999998,0,1024
747,784.0,166.0,747,0,0.5696151029999998,0,1024
748,785.0,166.0,748,0,0.570259692,0,1024
749,786.0,166.0,749,0,0.5709002779999999,0,1024
750,787.0,166.0,750,0,0.5715434889999997,0,1024
751,788.0,166.0,751,0,0.5721864349999999,0,1024
752,789.0,166.0,752,0,0.5728258689999999,0,1024
753,790.0,166.0,753,0,0.5734650079999999,0,1024
754,791.0,166.0,754,0,0.5741080510000001,0,1024
755,792.0,166.0,755,0,0.5747490129999999,0,1024
756,793.0,166.0,756,0,0.5754412229999999,0,1024
757,794.0,166.0,757,0,0.5760881579999997,0,1024
758,795.0,166.0,758,0,0.5767280859999997,0,1024
759,796.0,166.0,759,0,0.5773723629999998,0,1024
760,797.0,166.0,760,0,0.5780162199999999,0,1024
761,798.0,166.0,761,0,0.5786596039999998,0,1024
762,799.0,166.0,762,0,0.5793003830000001,0,1024
763,800.0,166.0,763,0,0.579942081,0,1024
764,801.0,166.0,764,0,0.5805821390000001,0,1024
765,802.0,166.0,765,0,0.5812236070000001,0,1024
766,803.0,166.0,766,0,0.581866217,0,1024
767,804.0,166.0,767,0,0.582512409,0,1024
768,805.0,166.0,768,0,0.5831594659999997,0,1024
769,806.0,166.0,769,0,0.5838037410000001,0,1024
770,807.0,166.0,770,0,0.5844480320000001,0,1024
771,808.0,166.0,771,0,0.5850958899999998,0,1024
772,809.0,166.0,772,0,0.5857390570000001,0,1024
773,810.0,166.0,773,0,0.5864357170000001,0,1024
774,811.0,166.0,774,0,0.587110467,0,1024
775,812.0,166.0,775,0,0.5877670999999998,0,1024
776,813.0,166.0,776,0,0.5884204039999998,0,1024
777,814.0,166.0,777,0,0.589073741,0,1024
778,815.0,166.0,778,0,0.5897260229999999,0,1024
779,816.0,166.0,779,0,0.5903753099999998,0,1024
780,817.0,166.0,780,0,0.5910228790000001,0,1024
781,818.0,166.0,781,0,0.5916721570000001,0,1024
782,819.0,166.0,782,0,0.5923381879999998,0,1024
783,820.0,166.0,783,0,0.5929963429999998,0,1024
784,821.0,166.0,784,0,0.5936498659999998,0,1024
785,822.0,166.0,785,0,0.594297257,0,1024
786,823.0,166.0,786,0,0.5949438479999998,0,1024
787,824.0,166.0,787,0,0.5955901469999998,0,1024
788,825.0,166.0,788,0,0.596245455,0,1024
789,826.0,166.0,789,0,0.5968981579999997,0,1024
790,827.0,166.0,790,0,0.597549425,0,1024
791,828.0,166.0,791,0,0.5982575939999997,0,1024
792,829.0,166.0,792,0,0.5989532449999997,0,1024
793,830.0,166.0,793,0,0.5996185179999998,0,1024
794,831.0,166.0,794,0,0.6002744230000001,0,1024
795,832.0,166.0,795,0,0.600937912,0,1024
796,833.0,166.0,796,0,0.6016032069999997,0,1024
797,834.0,166.0,797,0,0.60226129,0,1024
798,835.0,166.0,798,0,0.6029178040000001,0,1024
799,836.0,166.0,799,0,0.6035765909999999,0,1024
800,837.0,166.0,800,0,0.6042306599999998,0,1024
801,838.0,166.0,801,0,0.6048898039999999,0,1024
802,839.0,166.0,802,0,0.605554621,0,1024
803,840.0,166.0,803,0,0.6062109389999999,0,1024
804,841.0,166.0,804,0,0.6068690409999999,0,1024
805,842.0,166.0,805,0,0.607524502,0,1024
806,843.0,166.0,806,0,0.6081882089999997,0,1024
807,844.0,166.0,807,0,0.608849653,0,1024
808,845.0,166.0,808,0,0.609561528,0,1024
809,846.0,166.0,809,0,0.6102468709999997,0,1024
810,847.0,166.0,810,0,0.610920541,0,1024
811,848.0,166.0,811,0,0.611585651,0,1024
812,849.0,166.0,812,0,0.6122465959999999,0,1024
813,850.0,166.0,813,0,0.6129102179999997,0,1024
814,851.0,166.0,814,0,0.613566337,0,1024
815,852.0,166.0,815,0,0.6142248979999998,0,1024
816,853.0,166.0,816,0,0.614880586,0,1024
817,854.0,166.0,817,0,0.6155429240000001,0,1024
818,855.0,166.0,818,0,0.6162019169999997,0,1024
819,856.0,166.0,819,0,0.6168621889999999,0,1024
820,857.0,166.0,820,0,0.6175216080000001,0,1024
821,858.0,166.0,821,0,0.6181808609999999,0,1024
822,859.0,166.0,822,0,0.6188414689999999,0,1024
823,860.0,166.0,823,0,0.6195237539999998,0,1024
824,861.0,166.0,824,0,0.620189833,0,1024
825,862.0,166.0,825,0,0.620851982,0,1024
826,863.0,166.0,826,0,0.6215272079999998,0,1024
827,864.0,166.0,827,0,0.6221951889999997,0,1024
828,865.0,166.0,828,0,0.622856444,0,1024
829,866.0,166.0,829,0,0.6235171290000001,0,1024
830,867.0,166.0,830,0,0.6241818229999998,0,1024
831,868.0,166.0,831,0,0.6248509419999997,0,1024
832,869.0,166.0,832,0,0.6255212929999998,0,1024
833,870.0,166.0,833,0,0.6261829209999998,0,1024
834,871.0,166.0,834,0,0.6268522809999997,0,1024
835,872.0,166.0,835,0,0.6275173609999998,0,1024
836,873.0,166.0,836,0,0.6281857629999998,0,1024
837,874.0,166.0,837,0,0.628857145,0,1024
838,875.0,166.0,838,0,0.6295225209999997,0,1024
839,876.0,166.0,839,0,0.6301924039999998,0,1024
840,877.0,166.0,840,0,0.6308559109999998,0,1024
841,878.0,166.0,841,0,0.6315208339999998,0,1024
842,879.0,166.0,842,0,0.6321871830000001,0,1024
843,880.0,166.0,843,0,0.6328887219999997,0,1024
844,881.0,166.0,844,0,0.6335708419999997,0,1024
845,882.0,166.0,845,0,0.6342565609999999,0,1024
846,883.0,166.0,846,0,0.6349840859999998,0,1024
847,884.0,166.0,847,0,0.6356980860000001,0,1024
848,885.0,166.0,848,0,0.63641996,0,1024
849,886.0,166.0,849,0,0.6370988019999997,0,1024
850,887.0,166.0,850,0,0.637769402,0,1024
851,888.0,166.0,851,0,0.6384236409999997,0,1024
852,889.0,166.0,852,0,0.6390826329999997,0,1024
853,890.0,166.0,853,0,0.6397379249999999,0,1024
854,891.0,166.0,854,0,0.6403915769999999,0,1024
855,892.0,166.0,855,0,0.6410474399999999,0,1024
856,893.0,166.0,856,0,0.6417001409999998,0,1024
857,894.0,166.0,857,0,0.6423525159999999,0,1024
858,895.0,166.0,858,0,0.6430572529999998,0,1024
859,896.0,166.0,859,0,0.6437524080000001,0,1024
860,897.0,166.0,860,0,0.644418505,0,1024
861,898.0,166.0,861,0,0.6452242829999997,0,1024
862,899.0,166.0,862,0,0.645919176,0,1024
863,900.0,166.0,863,0,0.6465914169999998,0,1024
864,901.0,166.0,864,0,0.6472520239999997,0,1024
865,902.0,166.0,865,0,0.6481100089999998,0,1024
866,903.0,166.0,866,0,0.6487795839999997,0,1024
867,904.0,166.0,867,0,0.6494380829999997,0,1024
868,905.0,166.0,868,0,0.6500979669999998,0,1024
869,906.0,166.0,869,0,0.6507550769999999,0,1024
870,907.0,166.0,870,0,0.6514160769999999,0,1024
871,908.0,166.0,871,0,0.6520761369999999,0,1024
872,909.0,166.0,872,0,0.652730069,0,1024
873,910.0,166.0,873,0,0.6533883669999998,0,1024
874,911.0,166.0,874,0,0.6540443169999999,0,1024
875,912.0,166.0,875,0,0.6547443299999998,0,1024
876,913.0,166.0,876,0,0.6554233789999997,0,1024
877,914.0,166.0,877,0,0.6560880089999999,0,1024
878,915.0,166.0,878,0,0.6567490709999997,0,1024
879,916.0,166.0,879,0,0.6576064429999997,0,1024
880,917.0,166.0,880,0,0.658288502,0,1024
881,918.0,166.0,881,0,0.658960032,0,1024
882,919.0,166.0,882,0,0.659621901,0,1024
883,920.0,166.0,883,0,0.6602825329999997,0,1024
884,921.0,166.0,884,0,0.6609442839999997,0,1024
885,922.0,166.0,885,0,0.661605062,0,1024
886,923.0,166.0,886,0,0.662266341,0,1024
887,924.0,166.0,887,0,0.6629282320000001,0,1024
888,925.0,166.0,888,0,0.6635907839999997,0,1024
889,926.0,166.0,889,0,0.6642630490000001,0,1024
890,927.0,166.0,890,0,0.664928578,0,1024
891,928.0,166.0,891,0,0.6655994110000001,0,1024
892,929.0,166.0,892,0,0.6667802789999997,0,1024
893,930.0,166.0,893,0,0.6677750799999997,0,1024
894,931.0,166.0,894,0,0.6684551919999997,0,1024
895,932.0,166.0,895,0,0.6692028400000001,0,1024
896,933.0,166.0,896,0,0.669873844,0,1024
897,934.0,166.0,897,0,0.6705857470000001,0,1024
898,935.0,166.0,898,0,0.6712571869999997,0,1024
899,936.0,166.0,899,0,0.6719278809999998,0,1024
900,937.0,166.0,900,0,0.672750825,0,1024
901,938.0,166.0,901,0,0.673622371,0,1024
902,939.0,166.0,902,0,0.674465192,0,1024
903,940.0,166.0,903,0,0.6752605030000001,0,1024
904,941.0,166.0,904,0,0.6763094179999998,0,1024
905,942.0,166.0,905,0,0.6771566789999999,0,1024
906,943.0,166.0,906,0,0.6778364099999998,0,1024
907,944.0,166.0,907,0,0.678554546,0,1024
908,945.0,166.0,908,0,0.67935152,0,1024
909,946.0,166.0,909,0,0.6800621489999998,0,1024
910,947.0,166.0,910,0,0.680731127,0,1024
911,948.0,166.0,911,0,0.681452787,0,1024
912,949.0,166.0,912,0,0.6822247899999998,0,1024
913,950.0,166.0,913,0,0.6830610779999997,0,1024
914,951.0,166.0,914,0,0.6838571440000001,0,1024
915,952.0,166.0,915,0,0.6847254189999998,0,1024
916,953.0,166.0,916,0,0.685527215,0,1024
917,954.0,166.0,917,0,0.6862159210000001,0,1024
918,955.0,166.0,918,0,0.6870726769999997,0,1024
919,956.0,166.0,919,0,0.6879544289999999,0,1024
920,957.0,166.0,920,0,0.68864985,0,1024
921,958.0,166.0,921,0,0.6893342809999998,0,1024
922,959.0,166.0,922,0,0.6900105939999999,0,1024
923,960.0,166.0,923,0,0.6906809379999999,0,1024
924,961.0,166.0,924,0,0.6914347859999999,0,1024
925,962.0,166.0,925,0,0.6921894260000001,0,1024
926,963.0,166.0,926,0,0.692965412,0,1024
927,964.0,166.0,927,0,0.693718992,0,1024
928,965.0,166.0,928,0,0.6946265709999997,0,1024
929,966.0,166.0,929,0,0.695508631,0,1024
930,967.0,166.0,930,0,0.696344479,0,1024
931,968.0,166.0,931,0,0.697161785,0,1024
932,969.0,166.0,932,0,0.6978973900000001,0,1024
933,970.0,166.0,933,0,0.6985869999999998,0,1024
934,971.0,166.0,934,0,0.699267866,0,1024
935,972.0,166.0,935,0,0.6999485439999997,0,1024
936,973.0,166.0,936,0,0.700631708,0,1024
937,974.0,166.0,937,0,0.7013071379999998,0,1024
938,975.0,166.0,938,0,0.701984741,0,1024
939,976.0,166.0,939,0,0.7026628109999997,0,1024
940,977.0,166.0,940,0,0.7034586909999998,0,1024
941,978.0,166.0,941,0,0.7041335360000001,0,1024
942,979.0,166.0,942,0,0.7048156720000001,0,1024
943,980.0,166.0,943,0,0.7055497709999998,0,1024
944,981.0,166.0,944,0,0.7063912219999997,0,1024
945,982.0,166.0,945,0,0.7070767469999999,0,1024
946,983.0,166.0,946,0,0.707756759,0,1024
947,984.0,166.0,947,0,0.7088067250000001,0,1024
948,985.0,166.0,948,0,0.7098758899999997,0,1024
949,986.0,166.0,949,0,0.7105633419999999,0,1024
950,987.0,166.0,950,0,0.711243724,0,1024
951,988.0,166.0,951,0,0.7119260409999999,0,1024
952,989.0,166.0,952,0,0.7126902739999998,0,1024
953,990.0,166.0,953,0,0.7133714009999998,0,1024
954,991.0,166.0,954,0,0.7141433619999997,0,1024
955,992.0,166.0,955,0,0.7148241959999999,0,1024
956,993.0,166.0,956,0,0.715509022,0,1024
957,994.0,166.0,957,0,0.7161909409999998,0,1024
958,995.0,166.0,958,0,0.716872618,0,1024
959,996.0,166.0,959,0,0.7175523569999998,0,1024
960,997.0,166.0,960,0,0.7184798889999997,0,1024
961,998.0,166.0,961,0,0.7193247650000001,0,1024
962,999.0,166.0,962,0,0.720112141,0,1024
963,1000.0,166.0,963,0,0.721077368,0,1024
964,1001.0,166.0,964,0,0.7220009579999997,0,1024
965,1002.0,166.0,965,0,0.7232701059999997,0,1024
966,1003.0,166.0,966,0,0.7245659600000001,0,1024
967,1004.0,166.0,967,0,0.7255694619999997,0,1024
968,1005.0,166.0,968,0,0.726429424,0,1024
969,1006.0,166.0,969,0,0.727204279,0,1024
970,1007.0,166.0,970,0,0.7279517520000001,0,1024
971,1008.0,166.0,971,0,0.7287296830000001,0,1024
972,1009.0,166.0,972,0,0.7294908969999998,0,1024
973,1010.0,166.0,973,0,0.7302991099999998,0,1024
974,1011.0,166.0,974,0,0.7315259479999998,0,1024
975,1012.0,166.0,975,0,0.732587573,0,1024
976,1013.0,166.0,976,0,0.733558199,0,1024
977,1014.0,166.0,977,0,0.734415228,0,1024
978,1015.0,166.0,978,0,0.735251399,0,1024
979,1016.0,166.0,979,0,0.736080211,0,1024
980,1017.0,166.0,980,0,0.7369037629999999,0,1024
981,1018.0,166.0,981,0,0.7377335060000001,0,1024
982,1019.0,166.0,982,0,0.7385600439999997,0,1024
983,1020.0,166.0,983,0,0.7394104449999999,0,1024
984,1021.0,166.0,984,0,0.740242801,0,1024
985,1022.0,166.0,985,0,0.7410685509999997,0,1024
986,1023.0,166.0,986,0,0.7418774789999998,0,1024
987,1024.0,166.0,987,0,0.7427316070000001,0,1024
988,1025.0,166.0,988,0,0.7435403529999998,0,1024
989,1026.0,166.0,989,0,0.744346019,0,1024
990,1027.0,166.0,990,0,0.7451635759999999,0,1024
991,1028.0,166.0,991,0,0.7459796869999997,0,1024
992,1029.0,166.0,992,0,0.7467788669999997,0,1024
993,1030.0,166.0,993,0,0.747535547,0,1024
994,1031.0,166.0,994,0,0.7483008889999998,0,1024
995,1032.0,166.0,995,0,0.749103039,0,1024
996,1033.0,166.0,996,0,0.749880841,0,1024
997,1034.0,166.0,997,0,0.750659513,0,1024
998,1035.0,166.0,998,0,0.751405771,0,1024
999,1036.0,166.0,999,0,0.7521507380000001,0,1024
1000,1037.0,166.0,1000,0,0.752889637,0,1024
1001,1038.0,166.0,1001,0,0.7535972989999999,0,1024
1002,1039.0,166.0,1002,0,0.7543041279999998,0,1024
1003,1040.0,166.0,1003,0,0.7550939889999997,0,1024
1004,1041.0,166.0,1004,0,0.7558250630000001,0,1024
1005,1042.0,166.0,1005,0,0.756548413,0,1024
1006,1043.0,166.0,1006,0,0.7572656849999997,0,1024
1007,1044.0,166.0,1007,0,0.757978311,0,1024
1008,1045.0,166.0,1008,0,0.758685566,0,1024
1009,1046.0,166.0,1009,0,0.7593962749999998,0,1024
1010,1047.0,166.0,1010,0,0.760105238,0,1024
1011,1048.0,166.0,1011,0,0.7608527939999998,0,1024
1012,1049.0,166.0,1012,0,0.761596087,0,1024
1013,1050.0,166.0,1013,0,0.762315385,0,1024
1014,1051.0,166.0,1014,0,0.7630359599999998,0,1024
1015,1052.0,166.0,1015,0,0.7637488299999999,0,1024
1016,1053.0,166.0,1016,0,0.7644659030000001,0,1024
1017,1054.0,166.0,1017,0,0.7651841469999998,0,1024
1018,1055.0,166.0,1018,0,0.765903384,0,1024
1019,1056.0,166.0,1019,0,0.7666202639999997,0,1024
1020,1057.0,166.0,1020,0,0.7674268779999998,0,1024
1021,1058.0,166.0,1021,0,0.768164144,0,1024
1022,1059.0,166.0,1022,0,0.768887925,0,1024
1023,1060.0,166.0,1023,0,0.7696080259999998,0,1024
1024,1061.0,166.0,1024,0,0.7703241799999998,0,1024
